"mese","tasso"
"2000-01",3.5562857
"2000-02",3.7346667
"2000-03",3.9362174
"2000-04",4.0826667
"2000-05",4.5439091
"2000-06",4.6810909
"2000-07",4.8368571
"2000-08",5.0109565
"2000-09",5.0379524
"2000-10",5.1033182
"2000-11",5.1308182
"2000-12",4.9196842
"2001-01",4.6752727
"2001-02",4.6664
"2001-03",4.5769091
"2001-04",4.5664211
"2001-05",4.5577727
"2001-06",4.3529048
"2001-07",4.3873182
"2001-08",4.224913
"2001-09",3.87575
"2001-10",3.4593478
"2001-11",3.2624545
"2001-12",3.2556111
"2002-01",3.3423182
"2002-02",3.39755
"2002-03",3.5001
"2002-04",3.536
"2002-05",3.6263636
"2002-06",3.5903
"2002-07",3.4836087
"2002-08",3.3797727
"2002-09",3.2695238
"2002-10",3.1676087
"2002-11",3.0368571
"2002-12",2.89235
"2003-01",2.7581364
"2003-02",2.5777
"2003-03",2.4507143
"2003-04",2.46945
"2003-05",2.308381
"2003-06",2.0843333
"2003-07",2.0925217
"2003-08",2.1720952
"2003-09",2.1776364
"2003-10",2.1726522
"2003-11",2.22405
"2003-12",2.1994762
"2004-01",2.1154286
"2004-02",2.0859
"2004-03",2.0185217
"2004-04",2.0614
"2004-05",2.1360476
"2004-06",2.1884545
"2004-07",2.1878182
"2004-08",2.1690909
"2004-09",2.2003182
"2004-10",2.190619
"2004-11",2.2173182
"2004-12",2.2064783
"2005-01",2.192
"2005-02",2.1846
"2005-03",2.1918095
"2005-04",2.1722381
"2005-05",2.1440909
"2005-06",2.1069091
"2005-07",2.1345238
"2005-08",2.1595217
"2005-09",2.1666364
"2005-10",2.2720476
"2005-11",2.5002273
"2005-12",2.6003333
"2006-01",2.6507273
"2006-02",2.72485
"2006-03",2.8720435
"2006-04",2.9560556
"2006-05",3.0581818
"2006-06",3.1580455
"2006-07",3.2875238
"2006-08",3.4095652
"2006-09",3.5274762
"2006-10",3.6445909
"2006-11",3.7281364
"2006-12",3.7894211
"2007-01",3.8896818
"2007-02",3.94435
"2007-03",3.9963182
"2007-04",4.0973684
"2007-05",4.1965909
"2007-06",4.2829524
"2007-07",4.3585455
"2007-08",4.5937826
"2007-09",4.75135
"2007-10",4.6633913
"2007-11",4.6297273
"2007-12",4.8193684
"2008-01",4.5013636
"2008-02",4.3564762
"2008-03",4.593
"2008-04",4.7953636
"2008-05",4.8974762
"2008-06",5.0883333
"2008-07",5.1481739
"2008-08",5.1601905
"2008-09",5.2189545
"2008-10",5.178087
"2008-11",4.29475
"2008-12",3.3653333
"2009-01",2.5388571
"2009-02",2.03405
"2009-03",1.7745455
"2009-04",1.6083
"2009-05",1.48025
"2009-06",1.4356364
"2009-07",1.2128696
"2009-08",1.1154286
"2009-09",1.0422727
"2009-10",1.0166818
"2009-11",0.9931429
"2009-12",0.9955909
"2010-01",0.97725
"2010-02",0.96455
"2010-03",0.9524348
"2010-04",0.9552
"2010-05",0.9822381
"2010-06",1.0117727
"2010-07",1.1042273
"2010-08",1.1471818
"2010-09",1.1372727
"2010-10",1.2239048
"2010-11",1.2690455
"2010-12",1.2506957
"2011-01",1.2535714
"2011-02",1.35225
"2011-03",1.4832609
"2011-04",1.6213684
"2011-05",1.7068182
"2011-06",1.7492727
"2011-07",1.8182381
"2011-08",1.7547826
"2011-09",1.7359545
"2011-10",1.7760952
"2011-11",1.7064545
"2011-12",1.6707143
"2012-01",1.5047273
"2012-02",1.345381
"2012-03",1.1636818
"2012-04",1.0402105
"2012-05",0.9703636
"2012-06",0.9345238
"2012-07",0.7794091
"2012-08",0.606087
"2012-09",0.4839
"2012-10",0.4118261
"2012-11",0.3604091
"2012-12",0.3238333
"2013-01",0.3442727
"2013-02",0.36185
"2013-03",0.3288
"2013-04",0.3242857
"2013-05",0.2994545
"2013-06",0.32085
"2013-07",0.3358261
"2013-08",0.3422273
"2013-09",0.3400476
"2013-10",0.3415217
"2013-11",0.3269048
"2013-12",0.37055
"2014-01",0.396
"2014-02",0.3866
"2014-03",0.4069048
"2014-04",0.4299
"2014-05",0.4168571
"2014-06",0.3331905
"2014-07",0.3046087
"2014-08",0.2917619
"2014-09",0.1996818
"2014-10",0.1836522
"2014-11",0.18175
"2014-12",0.1764762
"2015-01",0.1522857
"2015-02",0.12585
"2015-03",0.0968636
"2015-04",0.0728
"2015-05",0.0570526
"2015-06",0.0491818
"2015-07",0.0487391
"2015-08",0.0439048
"2015-09",0.0352727
"2015-10",0.0196818
"2015-11",-0.0154286
"2015-12",-0.0397727
"2016-01",-0.0608
"2016-02",-0.1152857
"2016-03",-0.1335714
"2016-04",-0.1379524
"2016-05",-0.1445
"2016-06",-0.1624091
"2016-07",-0.1881905
"2016-08",-0.1886522
"2016-09",-0.1991364
"2016-10",-0.2070952
"2016-11",-0.2148182
"2016-12",-0.2179048
"2017-01",-0.2355455
"2017-02",-0.24055
"2017-03",-0.2407391
"2017-04",-0.2455
"2017-05",-0.2508636
"2017-06",-0.2668182
"2017-07",-0.272619
"2017-08",-0.2716522
"2017-09",-0.272619
"2017-10",-0.2739091
"2017-11",-0.2742727
"2017-12",-0.2713684
"2018-01",-0.2741818
"2018-02",-0.2749
"2018-03",-0.2713333
"2018-04",-0.2702
"2018-05",-0.27
"2018-06",-0.2685238
"2018-07",-0.2691818
"2018-08",-0.2667826
"2018-09",-0.26825
"2018-10",-0.2640435
"2018-11",-0.2565909
"2018-12",-0.2408421
"2019-01",-0.2363636
"2019-02",-0.2318
"2019-03",-0.2302381
"2019-04",-0.23075
"2019-05",-0.2373636
"2019-06",-0.279
"2019-07",-0.3473913
"2019-08",-0.4049545
"2019-09",-0.3938571
"2019-10",-0.3615652
"2019-11",-0.337381
"2019-12",-0.33555
"2020-01",-0.3300909
"2020-02",-0.35525
"2020-03",-0.3648636
"2020-04",-0.192
"2020-05",-0.14305
"2020-06",-0.2226818
"2020-07",-0.3461304
"2020-08",-0.4329048
"2020-09",-0.4626364
"2020-10",-0.494
"2020-11",-0.509
"2020-12",-0.5186364
"2021-01",-0.5285
"2021-02",-0.5205
"2021-03",-0.516
"2021-04",-0.5158
"2021-05",-0.513
"2021-06",-0.5149545
"2021-07",-0.5159545
"2021-08",-0.5273636
"2021-09",-0.5224091
"2021-10",-0.5272381
"2021-11",-0.534
"2021-12",-0.5446087
"2022-01",-0.5273333
"2022-02",-0.47615
"2022-03",-0.4176522
"2022-04",-0.3108947
"2022-05",-0.1436364
"2022-06",0.1616818
"2022-07",0.4664762
"2022-08",0.8370435
"2022-09",1.5960909
"2022-10",1.997381
"2022-11",2.3212273
"2022-12",2.5603333
"2023-01",2.8578636
"2023-02",3.13535
"2023-03",3.2674348
"2023-04",3.5156111
"2023-05",3.6817727
"2023-06",3.8252727
"2023-07",3.9424762
"2023-08",3.9444783
"2023-09",4.0303333
"2023-10",4.1148182
"2023-11",4.0646818
"2023-12",3.9269474
"2024-01",3.8916818
"2024-02",3.9005238
"2024-03",3.8948
"2024-04",3.8382381
"2024-05",3.7866364
"2024-06",3.7149
"2024-07",3.6435652
"2024-08",3.4249091
"2024-09",3.2578095
"2024-10",3.0016087
"2024-11",2.7875238
"2024-12",2.63215
"2025-01",2.6144091
"2025-02",2.4596
"2025-03",2.385381
"2025-04",2.2017
"2025-05",2.1161905
"2025-06",2.0496667
"2025-07",2.0553478
"2025-08",2.0844286
"2025-09",2.1023182
"2025-10",2.1068261
"2025-11",2.131
"2025-12",2.1394762
"2026-01",2.1371429
"2026-02",2.1435
"2026-03",2.3219545
"2026-04",2.45375
"2026-05",2.5364
"2026-06",2.5955
"2026-07",2.6467391
"2026-08",2.7133333
