"stagione","HDD","giorni","t","HDD_detrend"
1974,1738.55,151,1,1321.04761538461
1975,1862,152,2,1452.68393665158
1976,1795.05,151,3,1393.92025791855
1977,1900.55,151,4,1507.60657918552
1978,2066.9,151,5,1682.14290045249
1979,1828.7,152,6,1452.12922171946
1980,1913.2,151,7,1544.81554298643
1981,2000.45,151,8,1640.25186425339
1982,1800.05,151,9,1448.03818552036
1983,1984.25,152,10,1640.42450678733
1984,2073.65,151,11,1738.0108280543
1985,1973.55,151,12,1646.09714932127
1986,2055.35,151,13,1736.08347058824
1987,1685.65,152,14,1374.5697918552
1988,1789.65,151,15,1486.75611312217
1989,1740.6,151,16,1445.89243438914
1990,1884.3,151,17,1597.77875565611
1991,1885.4,152,18,1607.06507692308
1992,1741.1,151,19,1470.95139819004
1993,1618.65,151,20,1356.68771945701
1994,1664.5,151,21,1410.72404072398
1995,1836.2,152,22,1590.61036199095
1996,1554.95,151,23,1317.54668325792
1997,1607.5,151,24,1378.28300452489
1998,1795.9,151,25,1574.86932579186
1999,1731.95,152,26,1519.10564705882
2000,1592.8,151,27,1388.14196832579
2001,1770.25,151,28,1573.77828959276
2002,1637.65,151,29,1449.36461085973
2003,1737.4,152,30,1557.3009321267
2004,1760.15,151,31,1588.23725339367
2005,1943.3,151,32,1779.57357466063
2006,1447,151,33,1291.4598959276
2007,1649.4,152,34,1502.04621719457
2008,1734.9,151,35,1595.73253846154
2009,1819.65,151,36,1688.66885972851
2010,1757.7,151,37,1634.90518099547
2011,1671.7,152,38,1557.09150226244
2012,1783.9,151,39,1677.47782352941
2013,1476.3,151,40,1378.06414479638
2014,1496.9,151,41,1406.85046606335
2015,1579.75,152,42,1497.88678733032
2016,1625.1,151,43,1551.42310859728
2017,1750.1,151,44,1684.60942986425
2018,1521.5,151,45,1464.19575113122
2019,1479.6,152,46,1430.48207239819
2020,1587.7,151,47,1546.76839366516
2021,1581.25,151,48,1548.50471493213
2022,1412.5,151,49,1387.94103619909
2023,1440.35,152,50,1423.97735746606
2024,1565.9,151,51,1557.71367873303
