"stagione","HDD","giorni"
1974,1738.55,151
1975,1862,152
1976,1795.05,151
1977,1900.55,151
1978,2066.9,151
1979,1828.7,152
1980,1913.2,151
1981,2000.45,151
1982,1800.05,151
1983,1984.25,152
1984,2073.65,151
1985,1973.55,151
1986,2055.35,151
1987,1685.65,152
1988,1789.65,151
1989,1740.6,151
1990,1884.3,151
1991,1885.4,152
1992,1741.1,151
1993,1618.65,151
1994,1664.5,151
1995,1836.2,152
1996,1554.95,151
1997,1607.5,151
1998,1795.9,151
1999,1731.95,152
2000,1592.8,151
2001,1770.25,151
2002,1637.65,151
2003,1737.4,152
2004,1760.15,151
2005,1943.3,151
2006,1447,151
2007,1649.4,152
2008,1734.9,151
2009,1819.65,151
2010,1757.7,151
2011,1671.7,152
2012,1783.9,151
2013,1476.3,151
2014,1496.9,151
2015,1579.75,152
2016,1625.1,151
2017,1750.1,151
2018,1521.5,151
2019,1479.6,152
2020,1587.7,151
2021,1581.25,151
2022,1412.5,151
2023,1440.35,152
2024,1565.9,151
2025,1475.75,151
