"stagione","tasso","strike","realizzato","previsione_grezza","previsione_detrend","premio_grezzo","premio_detrend","payoff","risultato_grezzo","risultato_detrend","errore_grezzo","errore_detrend"
2000,0.051033182,1730,1592.8,1828.02307692308,1699.82938461538,390.702128356339,1367.30610256421,2686.67495377876,-2295.97282542242,-1319.36885121455,235.223076923077,107.029384615385
2001,0.034593478,1700,1770.25,1819.31111111111,1674.47735042735,347.545968526866,1327.77139675127,0,347.545968526866,1327.77139675127,49.0611111111111,-95.7726495726492
2002,0.031676087,1690,1637.65,1817.55892857143,1677.81388888889,293.239144899712,1167.44573234936,1033.36924773169,-740.130102831979,134.076484617674,179.908928571429,40.163888888889
2003,0.021726522,1680,1737.4,1811.35517241379,1662.63645320197,276.093428944603,1210.41736158092,0,276.093428944603,1210.41736158092,73.955172413793,-74.7635467980292
2004,0.02190619,1690,1760.15,1808.89,1662.69034482759,309.383450372974,1302.22015227209,0,309.383450372974,1302.22015227209,48.74,-97.4596551724142
2005,0.022720476,1700,1943.3,1807.31774193548,1665.8335483871,344.041285045201,1366.55029514662,0,344.041285045201,1366.55029514662,-135.982258064516,-277.466451612903
2006,0.036445909,1710,1447,1811.5671875,1691.67409274194,374.498174877294,1215.59961818124,5181.28660162306,-4806.78842674576,-3965.68698344182,364.5671875,244.674092741936
2007,0.046633913,1700,1649.4,1800.5196969697,1654.75037878788,470.412273927343,1560.69453781373,992.663231396281,-522.250957468937,568.031306417448,151.119696969697,5.35037878787853
2008,0.05178087,1710,1734.9,1796.075,1645.54625668449,536.558494925371,1769.35182991637,0,536.558494925371,1769.35182991637,61.175,-89.3537433155077
2009,0.010166818,1700,1819.65,1794.32714285714,1647.15647058824,479.066517752404,1636.71652903817,0,479.066517752404,1636.71652903817,-25.3228571428572,-172.493529411765
2010,0.012239048,1710,1757.7,1795.03055555556,1658.14626984127,515.107476177624,1628.16883595605,0,515.107476177624,1628.16883595605,37.3305555555555,-99.5537301587303
2011,0.017760952,1730,1671.7,1794.02162162162,1661.50968468468,596.627056439008,1835.79512555184,1157.46400165895,-560.836945219939,678.331123892893,122.321621621621,-10.1903153153157
2012,0.004118261,1720,1783.9,1790.80263157895,1655.60803698435,562.304332803827,1774.23340953509,0,562.304332803827,1774.23340953509,6.90263157894719,-128.291963015647
2013,0.003415217,1730,1476.3,1790.62564102564,1661.83313090418,599.255295517425,1827.4257576659,5066.83615658696,-4467.58086106954,-3239.41039892106,314.325641025641,185.533130904184
2014,0.001836522,1700,1496.9,1782.7675,1636.84019230769,546.534603460847,1772.4866488457,4058.91500001455,-3512.38039655371,-2286.42835116886,285.8675,139.940192307692
2015,0.000196818,1680,1579.75,1775.79512195122,1616.06908536585,518.323648299226,1791.12683236663,2004.8367528555,-1486.51310455627,-213.709920488864,196.045121951219,36.3190853658539
2016,-0.002070952,1640,1625.1,1771.12738095238,1605.00412311266,356.734072459414,1427.81389787781,298.255420901941,58.4786515574731,1129.55847697587,146.027380952381,-20.09587688734
2017,-0.002739091,1660,1750.1,1767.73139534884,1599.14684385382,453.536893790167,1730.75811440209,0,453.536893790167,1730.75811440209,17.6313953488373,-150.953156146179
2018,-0.002640435,1670,1521.5,1767.33068181818,1605.20692389006,495.768527001073,1791.32032209568,2973.24603526849,-2477.47750826741,-1181.92571317281,245.830681818182,83.7069238900638
2019,-0.003615652,1650,1479.6,1761.86777777778,1590.56080808081,441.77141453788,1718.15488544665,3413.1014676841,-2971.33005314622,-1694.94658223745,282.267777777778,110.960808080808
2020,-0.00494,1610,1587.7,1755.73152173913,1573.46391304348,319.652597743769,1435.86319387185,446.912409384705,-127.259811640935,988.950784487149,168.03152173913,-14.2360869565214
2021,-0.005272381,1600,1581.25,1752.15638297872,1566.91942645698,282.956932027425,1376.17196929848,375.818833985182,-92.8619019577569,1000.3531353133,170.906382978724,-14.3305735430154
2022,0.01997381,1590,1412.5,1748.59583333333,1560.39543439716,241.764820730621,1302.9645281044,3520.78672357045,-3279.02190283983,-2217.82219546606,336.095833333333,147.895434397164
2023,0.041148182,1550,1440.35,1741.73673469388,1540.64068877551,187.073905530749,1089.10938886977,2155.98462747938,-1968.91072194863,-1066.8752386096,301.386734693878,100.290688775511
2024,0.030016087,1550,1565.9,1735.709,1524.57359183673,227.497412378707,1262.68209281906,0,227.497412378707,1262.68209281906,169.809,-41.3264081632656
2025,0.021068261,1550,1475.75,1732.37941176471,1519.53505882353,223.86382440506,1303.70827719616,1472.11311464072,-1248.24929023566,-168.404837444566,256.629411764706,43.7850588235292
